{"Step": 116800, "Epsilon": 0.410045867348102, "Reward": 5, "Average Score": 2.95, "_timestamp": 1713750007.3390539, "_runtime": 1288.4065837860107, "_step": 1167}