{"Step": 117000, "Epsilon": 0.40903566326647134, "Reward": 5, "Average Score": 2.45, "_timestamp": 1713750011.1310565, "_runtime": 1292.1985864639282, "_step": 1169}