{"Step": 115500, "Epsilon": 0.4166121938787013, "Reward": 5, "Average Score": 2.65, "_timestamp": 1713749983.3092036, "_runtime": 1264.3767335414886, "_step": 1154}