{"Step": 117100, "Epsilon": 0.408530561225656, "Reward": 5, "Average Score": 2.9, "_timestamp": 1713750013.0777934, "_runtime": 1294.1453232765198, "_step": 1170}