{"Step": 115900, "Epsilon": 0.41459178571544, "Reward": 0, "Average Score": 3.0, "_timestamp": 1713749990.8652635, "_runtime": 1271.93279337883, "_step": 1158}