{"Step": 200000, "Epsilon": 0.01, "Reward": 5, "Average Score": 4.1, "_timestamp": 1713751421.4787042, "_runtime": 2702.5462341308594, "_step": 1999, "_wandb": {"runtime": 2701}}